Workbook

Sheet Checklist - Auditoria
A1: Avaliação de Processo e Produto - Auditoria de Qualidade
A2: Nº | B2: Descrição | C2: Resultado | D2: Data e hora da Identificação da NC | E2: Responsável pela resolução | F2: Classificação da NCF | G2: Ação corretiva indicada | H2: Data prevista de resolução | I2: Data e hora da conclusão da NC | J2: Status da NC
A3: 1. Introdução
A4: 1 | B4: O relatório descreve o sistema web escolhido, informando nome e finalidade? | H4: =IF(OR($C4<>"Não Conforme",$F4="",$D4=""),"",$D4+INDEX('Resumo e Aderência'!$B$26:$B$28,MATCH($F4,'Resumo e Aderência'!$A$26:$A$28,0))/1440)
A5: 2 | B5: O contexto do projeto informa o endereço web e o público-alvo do sistema? | H5: =IF(OR($C5<>"Não Conforme",$F5="",$D5=""),"",$D5+INDEX('Resumo e Aderência'!$B$26:$B$28,MATCH($F5,'Resumo e Aderência'!$A$26:$A$28,0))/1440)
A6: 3 | B6: A escolha do sistema para o teste de usabilidade foi justificada? | H6: =IF(OR($C6<>"Não Conforme",$F6="",$D6=""),"",$D6+INDEX('Resumo e Aderência'!$B$26:$B$28,MATCH($F6,'Resumo e Aderência'!$A$26:$A$28,0))/1440)
A7: 4 | B7: Os objetivos específicos do teste de usabilidade foram descritos? | H7: =IF(OR($C7<>"Não Conforme",$F7="",$D7=""),"",$D7+INDEX('Resumo e Aderência'!$B$26:$B$28,MATCH($F7,'Resumo e Aderência'!$A$26:$A$28,0))/1440)
A8: 5 | B8: Os objetivos destacam quais aspectos da qualidade do produto de software se pretende avaliar? | H8: =IF(OR($C8<>"Não Conforme",$F8="",$D8=""),"",$D8+INDEX('Resumo e Aderência'!$B$26:$B$28,MATCH($F8,'Resumo e Aderência'!$A$26:$A$28,0))/1440)
A9: 2. Metodologia
A10: 6 | B10: As tarefas definidas para os usuários participantes do teste foram apresentadas? | H10: =IF(OR($C10<>"Não Conforme",$F10="",$D10=""),"",$D10+INDEX('Resumo e Aderência'!$B$26:$B$28,MATCH($F10,'Resumo e Aderência'!$A$26:$A$28,0))/1440)
A11: 7 | B11: Cada tarefa sinaliza a heurística de Nielsen aplicada? | H11: =IF(OR($C11<>"Não Conforme",$F11="",$D11=""),"",$D11+INDEX('Resumo e Aderência'!$B$26:$B$28,MATCH($F11,'Resumo e Aderência'!$A$26:$A$28,0))/1440)
A12: 8 | B12: O quadro de planejamento foi preenchido com Heurística, Interface, Cenário (ação) e Testador para todas as tarefas? | H12: =IF(OR($C12<>"Não Conforme",$F12="",$D12=""),"",$D12+INDEX('Resumo e Aderência'!$B$26:$B$28,MATCH($F12,'Resumo e Aderência'!$A$26:$A$28,0))/1440)
A13: 9 | B13: A técnica de caixa preta aplicada foi explicada, com sua relevância para o teste de usabilidade? | H13: =IF(OR($C13<>"Não Conforme",$F13="",$D13=""),"",$D13+INDEX('Resumo e Aderência'!$B$26:$B$28,MATCH($F13,'Resumo e Aderência'!$A$26:$A$28,0))/1440)
A14: 10 | B14: As ferramentas e os recursos utilizados para registrar as observações durante o teste foram descritos (gravação de tela, anotações, software específico)? | H14: =IF(OR($C14<>"Não Conforme",$F14="",$D14=""),"",$D14+INDEX('Resumo e Aderência'!$B$26:$B$28,MATCH($F14,'Resumo e Aderência'!$A$26:$A$28,0))/1440)
A15: 3. Execução do Teste
A16: 11 | B16: O passo a passo de como os testes foram realizados foi apresentado? | H16: =IF(OR($C16<>"Não Conforme",$F16="",$D16=""),"",$D16+INDEX('Resumo e Aderência'!$B$26:$B$28,MATCH($F16,'Resumo e Aderência'!$A$26:$A$28,0))/1440)
A17: 12 | B17: Os resultados foram relatados para cada tarefa executada pelos usuários? | H17: =IF(OR($C17<>"Não Conforme",$F17="",$D17=""),"",$D17+INDEX('Resumo e Aderência'!$B$26:$B$28,MATCH($F17,'Resumo e Aderência'!$A$26:$A$28,0))/1440)
A18: 13 | B18: Foram incluídas imagens que evidenciam a execução dos testes? | H18: =IF(OR($C18<>"Não Conforme",$F18="",$D18=""),"",$D18+INDEX('Resumo e Aderência'!$B$26:$B$28,MATCH($F18,'Resumo e Aderência'!$A$26:$A$28,0))/1440)
A19: 14 | B19: Os problemas encontrados foram destacados ou o objetivo do teste foi comprovado? | H19: =IF(OR($C19<>"Não Conforme",$F19="",$D19=""),"",$D19+INDEX('Resumo e Aderência'!$B$26:$B$28,MATCH($F19,'Resumo e Aderência'!$A$26:$A$28,0))/1440)
A20: 4. Análise de Usabilidade
A21: 15 | B21: Foi apresentada uma avaliação do sistema para cada uma das 10 heurísticas de Nielsen? | H21: =IF(OR($C21<>"Não Conforme",$F21="",$D21=""),"",$D21+INDEX('Resumo e Aderência'!$B$26:$B$28,MATCH($F21,'Resumo e Aderência'!$A$26:$A$28,0))/1440)
A22: 16 | B22: Os problemas de usabilidade mais críticos foram apresentados e classificados quanto ao impacto na experiência do usuário (alta, média, baixa)? | H22: =IF(OR($C22<>"Não Conforme",$F22="",$D22=""),"",$D22+INDEX('Resumo e Aderência'!$B$26:$B$28,MATCH($F22,'Resumo e Aderência'!$A$26:$A$28,0))/1440)
A23: 5. Conclusão e Recomendações
A24: 17 | B24: A conclusão geral resume a avaliação da qualidade do sistema em termos de usabilidade? | H24: =IF(OR($C24<>"Não Conforme",$F24="",$D24=""),"",$D24+INDEX('Resumo e Aderência'!$B$26:$B$28,MATCH($F24,'Resumo e Aderência'!$A$26:$A$28,0))/1440)
A25: 18. | B25: As recomendações de melhoria foram sugeridas com base nos problemas identificados?
A26: 6. Checklist do Processo e Referências
A27: 19 | B27: O checklist do processo de teste foi construído e aplicado contemplando planejamento, preparação, execução, análise e revisão, com identificação de quem aplicou e quem revisou?
A28: 20 | B28: As referências utilizadas no planejamento e na análise foram listadas, incluindo materiais sobre heurísticas de Nielsen e técnicas de teste de usabilidade? | H28: =IF(OR($C28<>"Não Conforme",$F28="",$D28=""),"",$D28+INDEX('Resumo e Aderência'!$B$26:$B$28,MATCH($F28,'Resumo e Aderência'!$A$26:$A$28,0))/1440)

Sheet Resumo e Aderência
A1: Resumo da Avaliação e Cálculo de Aderência
A2: Checklist de Processo e Produto - Auditoria de Qualidade
A4: Nome do projeto avaliado: | B4: Relatório de Teste de Usabilidade do Sistema Web - iFood
A5: Auditor de QA: | B5: Gustavo Giacoia, André Gritten, Eduardo Blasczak, Mateus dos Santos
A6: Data da auditoria: | B6: 46269
A7: Tempo total da auditoria: | B7: 4 aulas
A8: Descrição da avaliação: | B8: Equipe avaliada: Isabelle Ribeiro, Laura Neris, Gabriela Sartor, Pedro Brecher
A10: Nº de pontos de avaliação | B10: =COUNTA('Checklist - Auditoria'!$B$3:$B$28) -> 20
A11: Nº Conforme | B11: =COUNTIF('Checklist - Auditoria'!$C$3:$C$28,"Conforme") -> 0
A12: Nº Não Conforme (NCF) | B12: =COUNTIF('Checklist - Auditoria'!$C$3:$C$28,"Não Conforme") -> 0
A13: Nº Não se Aplica | B13: =COUNTIF('Checklist - Auditoria'!$C$3:$C$28,"Não se Aplica") -> 0
A14: Nº NC ainda abertas (não resolvidas) | B14: =COUNTIFS('Checklist - Auditoria'!$C$3:$C$28,"Não Conforme",'Checklist - Auditoria'!$J$3:$J$28,"<>Resolvida") -> 0
A16: Aderência ao Processo:
A17: =IFERROR(B11/(B10-B13),0) -> 0
A19: Faixa de Aderência
A20: 0% - 60% | B20: Insatisfatório
A21: 61% - 90% | B21: Parcialmente Satisfatório
A22: 91% - 100% | B22: Satisfatório
A25: Classificação da NC | B25: Prazo de Resolução (minutos) | C25: Nº total de NCF
A26: Baixa | B26: 90 | C26: =COUNTIF('Checklist - Auditoria'!$F$3:$F$28,"Baixa") -> 0
A27: Média | B27: 60 | C27: =COUNTIF('Checklist - Auditoria'!$F$3:$F$28,"Média") -> 0
A28: Alta | B28: 30 | C28: =COUNTIF('Checklist - Auditoria'!$F$3:$F$28,"Alta") -> 0
A29: Total | C29: =SUM(C26:C28) -> 0
