Workbook

Sheet Checklist - Auditoria
A1: Avaliação de Processo e Produto - Auditoria de Qualidade
A2: Nº | B2: Descrição | C2: Resultado | D2: Data e hora da Identificação da NC | E2: Responsável pela resolução | F2: Classificação da NCF | G2: Ação corretiva indicada | H2: Data prevista de resolução | I2: Data e hora do escalonamento | J2: Data e hora da conclusão da NC | K2: Status da NC
A3: 1. Introdução
A4: 1 | B4: O relatório descreve o sistema web escolhido, informando nome e finalidade? | C4: Conforme | H4: =IF(OR($C4<>"Não Conforme",$F4="",$D4=""),"",$D4+INDEX('Resumo e Aderência'!$B$26:$B$28,MATCH($F4,'Resumo e Aderência'!$A$26:$A$28,0))/1440)
A5: 2 | B5: O contexto do projeto informa o endereço web e o público-alvo do sistema? | C5: Não Conforme | D5: 46269.37 | E5: Pedro Brecher | F5: Baixa | G5: Sinalizar o enderço web completo na introdução. | H5: =IF(OR($C5<>"Não Conforme",$F5="",$D5=""),"",$D5+INDEX('Resumo e Aderência'!$B$26:$B$28,MATCH($F5,'Resumo e Aderência'!$A$26:$A$28,0))/1440) -> 46269.433 | J5: 46269.382 | K5: Resolvida
A6: 3 | B6: A escolha do sistema para o teste de usabilidade foi justificada? | C6: Conforme | H6: =IF(OR($C6<>"Não Conforme",$F6="",$D6=""),"",$D6+INDEX('Resumo e Aderência'!$B$26:$B$28,MATCH($F6,'Resumo e Aderência'!$A$26:$A$28,0))/1440)
A7: 4 | B7: Os objetivos específicos do teste de usabilidade foram descritos? | C7: Conforme | H7: =IF(OR($C7<>"Não Conforme",$F7="",$D7=""),"",$D7+INDEX('Resumo e Aderência'!$B$26:$B$28,MATCH($F7,'Resumo e Aderência'!$A$26:$A$28,0))/1440)
A8: 5 | B8: Os objetivos destacam quais aspectos da qualidade do produto de software se pretende avaliar? | C8: Conforme | H8: =IF(OR($C8<>"Não Conforme",$F8="",$D8=""),"",$D8+INDEX('Resumo e Aderência'!$B$26:$B$28,MATCH($F8,'Resumo e Aderência'!$A$26:$A$28,0))/1440)
A9: 2. Metodologia
A10: 6 | B10: As tarefas definidas para os usuários participantes do teste foram apresentadas? | C10: Conforme | H10: =IF(OR($C10<>"Não Conforme",$F10="",$D10=""),"",$D10+INDEX('Resumo e Aderência'!$B$26:$B$28,MATCH($F10,'Resumo e Aderência'!$A$26:$A$28,0))/1440)
A11: 7 | B11: Cada tarefa sinaliza a heurística de Nielsen aplicada? | C11: Conforme | H11: =IF(OR($C11<>"Não Conforme",$F11="",$D11=""),"",$D11+INDEX('Resumo e Aderência'!$B$26:$B$28,MATCH($F11,'Resumo e Aderência'!$A$26:$A$28,0))/1440)
A12: 8 | B12: O quadro de planejamento foi preenchido com Heurística, Interface, Cenário (ação) e Testador para todas as tarefas? | C12: Conforme | H12: =IF(OR($C12<>"Não Conforme",$F12="",$D12=""),"",$D12+INDEX('Resumo e Aderência'!$B$26:$B$28,MATCH($F12,'Resumo e Aderência'!$A$26:$A$28,0))/1440)
A13: 9 | B13: A técnica de caixa preta aplicada foi explicada, com sua relevância para o teste de usabilidade? | C13: Conforme | H13: =IF(OR($C13<>"Não Conforme",$F13="",$D13=""),"",$D13+INDEX('Resumo e Aderência'!$B$26:$B$28,MATCH($F13,'Resumo e Aderência'!$A$26:$A$28,0))/1440)
A14: 10 | B14: As ferramentas e os recursos utilizados para registrar as observações durante o teste foram descritos (gravação de tela, anotações, software específico)? | C14: Conforme | H14: =IF(OR($C14<>"Não Conforme",$F14="",$D14=""),"",$D14+INDEX('Resumo e Aderência'!$B$26:$B$28,MATCH($F14,'Resumo e Aderência'!$A$26:$A$28,0))/1440)
A15: 3. Execução do Teste
A16: 11 | B16: O passo a passo de como os testes foram realizados foi apresentado? | C16: Conforme | H16: =IF(OR($C16<>"Não Conforme",$F16="",$D16=""),"",$D16+INDEX('Resumo e Aderência'!$B$26:$B$28,MATCH($F16,'Resumo e Aderência'!$A$26:$A$28,0))/1440)
A17: 12 | B17: Os resultados foram relatados para cada tarefa executada pelos usuários? | C17: Conforme | H17: =IF(OR($C17<>"Não Conforme",$F17="",$D17=""),"",$D17+INDEX('Resumo e Aderência'!$B$26:$B$28,MATCH($F17,'Resumo e Aderência'!$A$26:$A$28,0))/1440)
A18: 13 | B18: Foram incluídas imagens que evidenciam a execução dos testes? | C18: Conforme | H18: =IF(OR($C18<>"Não Conforme",$F18="",$D18=""),"",$D18+INDEX('Resumo e Aderência'!$B$26:$B$28,MATCH($F18,'Resumo e Aderência'!$A$26:$A$28,0))/1440)
A19: 14 | B19: Os problemas encontrados foram destacados ou o objetivo do teste foi comprovado? | C19: Conforme | H19: =IF(OR($C19<>"Não Conforme",$F19="",$D19=""),"",$D19+INDEX('Resumo e Aderência'!$B$26:$B$28,MATCH($F19,'Resumo e Aderência'!$A$26:$A$28,0))/1440)
A20: 4. Análise de Usabilidade
A21: 15 | B21: Foi apresentada uma avaliação do sistema para cada uma das 10 heurísticas de Nielsen? | C21: Conforme | H21: =IF(OR($C21<>"Não Conforme",$F21="",$D21=""),"",$D21+INDEX('Resumo e Aderência'!$B$26:$B$28,MATCH($F21,'Resumo e Aderência'!$A$26:$A$28,0))/1440)
A22: 16 | B22: Os problemas de usabilidade mais críticos foram apresentados e classificados quanto ao impacto na experiência do usuário (alta, média, baixa)? | C22: Conforme | H22: =IF(OR($C22<>"Não Conforme",$F22="",$D22=""),"",$D22+INDEX('Resumo e Aderência'!$B$26:$B$28,MATCH($F22,'Resumo e Aderência'!$A$26:$A$28,0))/1440)
A23: 5. Conclusão e Recomendações
A24: 17 | B24: A conclusão geral resume a avaliação da qualidade do sistema em termos de usabilidade? | C24: Conforme | H24: =IF(OR($C24<>"Não Conforme",$F24="",$D24=""),"",$D24+INDEX('Resumo e Aderência'!$B$26:$B$28,MATCH($F24,'Resumo e Aderência'!$A$26:$A$28,0))/1440)
A25: 18. | B25: As recomendações de melhoria foram sugeridas com base nos problemas identificados? | C25: Conforme
A26: 6. Checklist do Processo e Referências
A27: 19 | B27: O checklist do processo de teste foi construído e aplicado contemplando planejamento, preparação, execução, análise e revisão, com identificação de quem aplicou e quem revisou? | C27: Não Conforme | D27: 46269.375 | E27: Gabriela Sartor | F27: Média | G27: A identificação de aplicador/revisor só aparece de forma explícita em 6.2 (visão geral), não em cada um dos Quadros 1 a 5 individualmente. | H27: 46269.417 | K27: Aberta
A28: 20 | B28: As referências utilizadas no planejamento e na análise foram listadas, incluindo materiais sobre heurísticas de Nielsen e técnicas de teste de usabilidade? | H28: =IF(OR($C28<>"Não Conforme",$F28="",$D28=""),"",$D28+INDEX('Resumo e Aderência'!$B$26:$B$28,MATCH($F28,'Resumo e Aderência'!$A$26:$A$28,0))/1440)

Sheet Resumo e Aderência
A1: Resumo da Avaliação e Cálculo de Aderência
A2: Checklist de Processo e Produto - Auditoria de Qualidade
A4: Nome do projeto avaliado: | B4: Relatório de Teste de Usabilidade do Sistema Web - iFood (+ Documentando_casos_de_teste.xlsx)
A5: Auditor de QA: | B5: Gustavo, André Gritten, Eduardo Blaszczak, Mateus
A6: Data da auditoria: | B6: 46269
A7: Tempo total da auditoria:
A8: Descrição da avaliação: | B8: Equipe avaliada: Isabelle Ribeiro, Laura Neris, Gabriela Sartor, Pedro Brecher
A10: Nº de pontos de avaliação | B10: =COUNTA('Checklist - Auditoria'!$B$3:$B$22) -> 16
A11: Nº Conforme | B11: =COUNTIF('Checklist - Auditoria'!$C$3:$C$22,"Conforme") -> 15
A12: Nº Não Conforme (NCF) | B12: =COUNTIF('Checklist - Auditoria'!$C$3:$C$22,"Não Conforme") -> 1
A13: Nº Não se Aplica | B13: =COUNTIF('Checklist - Auditoria'!$C$3:$C$22,"Não se Aplica") -> 0
A14: Nº NC ainda abertas (não resolvidas) | B14: =COUNTIFS('Checklist - Auditoria'!$C$3:$C$22,"Não Conforme",'Checklist - Auditoria'!$K$3:$K$22,"<>Resolvida",'Checklist - Auditoria'!$K$3:$K$22,"<>Verificada",'Checklist - Auditoria'!$K$3:$K$22,"<>Encerrada") -> 0
A16: Aderência ao Processo:
A17: =IFERROR(B11/(B10-B13),0) -> 0.9375
A19: Faixa de Aderência
A20: 0% - 60% | B20: Insatisfatório
A21: 61% - 90% | B21: Parcialmente Satisfatório
A22: 91% - 100% | B22: Satisfatório
A25: Classificação da NC | B25: Prazo de Resolução (minutos) | C25: Nº total de NCF
A26: Baixa | B26: 90 | C26: =COUNTIF('Checklist - Auditoria'!$F$3:$F$22,"Baixa") -> 1
A27: Média | B27: 60 | C27: =COUNTIF('Checklist - Auditoria'!$F$3:$F$22,"Média") -> 0
A28: Alta | B28: 30 | C28: =COUNTIF('Checklist - Auditoria'!$F$3:$F$22,"Alta") -> 0
A29: Total | C29: =SUM(C26:C28) -> 1
A31: Legenda:
A32: • Preencha a coluna 'Resultado' com Conforme / Não Conforme / Não se Aplica para cada item da aba Checklist.
A33: • Para itens 'Não Conforme', registre responsável, classificação (Baixa/Média/Alta) e a data/hora de identificação da NC.
A34: • A 'Data prevista de resolução' é calculada automaticamente = Data de identificação + prazo (dias) definido na tabela ao lado.
A35: • O prazo (dias) de cada classificação é editável (células amarelas); ao alterar, todas as datas previstas recalculam sozinhas.
A36: • A conclusão da NC é registrada em 'Data e hora da conclusão da NC' e o 'Status da NC' deve ser atualizado até 'Resolvida' / 'Verificada' / 'Encerrada'.
A37: • Aderência = Nº Conforme / (Total de itens - Nº Não se Aplica).
A38: • Células com preenchimento amarelo são campos de entrada manual.
